Code,Name,Family,Variant,Type,SubType,Function,Gas,Price EUR,Status,Voltage,IP Rating,Range,Sensor Tech,Sensor Life,Relay Count,Modbus,4-20mA,Standalone,ATEX,Connection,Compatible With,Image
40-410,"1992-R-LP, 9-28VDC, Siren",1992-R-LP Siren,Standard,alert,siren,Audible alarm — provides loud sound alert when triggered by a relay output from a detector or controller.,,90,active,9-28 VDC,,,,,0,No,No,No,No,,"GLACIAR MIDI; GLACIAR Controller 10; X5 Transmitter; X5 Direct Sensor Module; X5 Remote Sensor; GLACIAR RM",
40-4021,"BE-A 24V Flashing lights, Orange",BE Flashing Light,Standard,alert,beacon,Visual alarm — provides flashing light indication when triggered by a relay output from a detector or controller.,,101,active,24 V,,,,,0,No,No,No,No,,"GLACIAR MIDI; GLACIAR Controller 10; X5 Transmitter; X5 Direct Sensor Module; X5 Remote Sensor; GLACIAR RM",beacon-be.jpeg
40-4022,"BE-R 24V Flashing lights, Red",BE Flashing Light,Standard,alert,beacon,Visual alarm — provides flashing light indication when triggered by a relay output from a detector or controller.,,101,active,24 V,,,,,0,No,No,No,No,,"GLACIAR MIDI; GLACIAR Controller 10; X5 Transmitter; X5 Direct Sensor Module; X5 Remote Sensor; GLACIAR RM",beacon-be.jpeg
40-4023,"BE-BL 24V Flashing lights, Blue",BE Flashing Light,Standard,alert,beacon,Visual alarm — provides flashing light indication when triggered by a relay output from a detector or controller.,,101,active,24 V,,,,,0,No,No,No,No,,"GLACIAR MIDI; GLACIAR Controller 10; X5 Transmitter; X5 Direct Sensor Module; X5 Remote Sensor; GLACIAR RM",beacon-be.jpeg
61-9030,TR Calibration Kit,Calibration Kit,Standard,accessory,calibration_kit,Calibration � TR series calibration tools for legacy detectors.,,286,active,,,,,,0,No,No,No,No,,GLACIAR RM,
40-440,"FL-RL-R-SEP Red, combined flashing light & siren",FL Combined Flashing Light and Siren,Standard,alert,beacon_siren_combo,Combined alarm — provides both audible sound and flashing light alert from a single unit.,,232,active,,,,,,0,No,No,No,No,,"GLACIAR MIDI; GLACIAR Controller 10; X5 Transmitter; X5 Direct Sensor Module; X5 Remote Sensor; GLACIAR RM",beacon-siren-combo-product.jpeg
40-441,"FL-BL-V-SEP Blue, combined flashing light & siren",FL Combined Flashing Light and Siren,Standard,alert,beacon_siren_combo,Combined alarm — provides both audible sound and flashing light alert from a single unit.,,232,active,,,,,,0,No,No,No,No,,"GLACIAR MIDI; GLACIAR Controller 10; X5 Transmitter; X5 Direct Sensor Module; X5 Remote Sensor; GLACIAR RM",beacon-siren-combo-product.jpeg
40-442,FL-OL-V-SEP Orange combined flashing light & siren,FL Combined Flashing Light and Siren,Standard,alert,beacon_siren_combo,Combined alarm — provides both audible sound and flashing light alert from a single unit.,,232,active,,,,,,0,No,No,No,No,,"GLACIAR MIDI; GLACIAR Controller 10; X5 Transmitter; X5 Direct Sensor Module; X5 Remote Sensor; GLACIAR RM",beacon-siren-combo-product.jpeg
61-9013,"Flow regulator, 0.5l/min, Stainless steel",Flow Regulator,Standard,accessory,flow_regulator,Flow control — regulates gas sample flow for accurate detection in specific pipe configurations.,,554,active,,,,,,0,No,No,No,No,,GLACIAR MIDI,
61-9015,"Flow regulator Fix 0.5l/min, Brass",Flow Regulator,Standard,accessory,flow_regulator,Flow control — regulates gas sample flow for accurate detection in specific pipe configurations.,,348,active,,,,,,0,No,No,No,No,,GLACIAR MIDI,
6300-0001,GLACIAR Controller 10,GLACIAR Controller 10,Standard,controller,gas_detection_control_panel,"Centralized gas detection management — receives 4-20mA signals from up to 10 detectors, manages alarms, relays, and BMS communication via Modbus.",,2996,active,,IP54,,,,5,Yes,No,No,No,,"GLACIAR MIDI; X5 Transmitter; X5 Remote Sensor; GLACIAR RM",
MICRO-IR-R290,GLACIAR MICRO IR R290 0-50%LFL,GLACIAR MICRO,R290 (Propane),detector,gas_detector,Gas detection — miniature OEM sensor for integration into third-party systems. Measures refrigerant gas concentration.,R290,,active,12 VDC +/-20% V,IP65,0-50 %LFL,Infrared (IR),10 years,0,Yes,No,No,No,,,
MICRO-IR-R32,GLACIAR MICRO IR R32 Group 0-50%LFL,GLACIAR MICRO,R32 Group (HFC/HFO),detector,gas_detector,Gas detection — miniature OEM sensor for integration into third-party systems. Measures refrigerant gas concentration.,"R32; R454A; R454C; R455A",,active,12 VDC +/-20% V,IP65,0-50 %LFL,Infrared (IR),10 years,0,Yes,No,No,No,,,
31-210-32,GLACIAR MIDI IR CO2 10000ppm,GLACIAR MIDI,CO2 Integrated,detector,gas_detector,Gas detection — standalone or via controller. Measures refrigerant gas concentration and triggers alarms via relays.,R744,673,active,"15..24 VDC; 24 VAC/DC V",IP67,0-10000 ppm,NDIR Infrared,7 years,2,Yes,Yes,Yes,No,4-20mA analog (MIDI J1 analog output → GC10 analog input channel),GLACIAR Controller 10,glaciar-midi-integrated.png
31-510-32,GLACIAR MIDI Remote IR CO2 10000ppm,GLACIAR MIDI,CO2 Remote,detector,gas_detector,Gas detection — standalone or via controller. Measures refrigerant gas concentration and triggers alarms via relays.,R744,739,active,"15..24 VDC; 24 VAC/DC V",IP67,0-10000 ppm,NDIR Infrared,7 years,2,Yes,Yes,Yes,No,4-20mA analog (MIDI J1 analog output → GC10 analog input channel),GLACIAR Controller 10,glaciar-midi-remote.jpg
31-290-13,GLACIAR MIDI SC R290 - Group 3 4000ppm,GLACIAR MIDI,HC Group 3 Integrated,detector,gas_detector,Gas detection — standalone or via controller. Measures refrigerant gas concentration and triggers alarms via relays.,"R290; R600A; R1270; R1150; R50",403,active,"15..24 VDC; 24 VAC/DC V",IP67,0-4000 ppm,Semiconductor (MOS),5 years,2,Yes,Yes,Yes,No,4-20mA analog (MIDI J1 analog output → GC10 analog input channel),GLACIAR Controller 10,glaciar-midi-integrated.png
31-590-13,GLACIAR MIDI Remote SC R290 - Group 3 4000ppm,GLACIAR MIDI,HC Group 3 Remote,detector,gas_detector,Gas detection — standalone or via controller. Measures refrigerant gas concentration and triggers alarms via relays.,"R290; R600A; R1270; R1150; R50",469,active,"15..24 VDC; 24 VAC/DC V",IP67,0-4000 ppm,Semiconductor (MOS),5 years,2,Yes,Yes,Yes,No,4-20mA analog (MIDI J1 analog output → GC10 analog input channel),GLACIAR Controller 10,glaciar-midi-remote.jpg
31-220-12,GLACIAR MIDI SC HFC/HFO Group 1 1000ppm,GLACIAR MIDI,HFC/HFO Group 1 Integrated,detector,gas_detector,Gas detection — standalone or via controller. Measures refrigerant gas concentration and triggers alarms via relays.,"R32; R407A; R407C; R407F; R410A; R448A; R449A; R452A; R452B; R454A; R454B; R454C; R455A; R464A; R465A; R466A; R468A; R507A",403,active,"15..24 VDC; 24 VAC/DC V",IP67,0-1000 ppm,Semiconductor (MOS),5 years,2,Yes,Yes,Yes,No,4-20mA analog (MIDI J1 analog output → GC10 analog input channel),GLACIAR Controller 10,glaciar-midi-integrated.png
31-520-12,GLACIAR MIDI Remote SC HFC/HFO Group 1 1000ppm,GLACIAR MIDI,HFC/HFO Group 1 Remote,detector,gas_detector,Gas detection — standalone or via controller. Measures refrigerant gas concentration and triggers alarms via relays.,"R32; R407A; R407C; R407F; R410A; R448A; R449A; R452A; R452B; R454A; R454B; R454C; R455A; R464A; R465A; R466A; R468A; R507A",469,active,"15..24 VDC; 24 VAC/DC V",IP67,0-1000 ppm,Semiconductor (MOS),5 years,2,Yes,Yes,Yes,No,4-20mA analog (MIDI J1 analog output → GC10 analog input channel),GLACIAR Controller 10,glaciar-midi-remote.jpg
31-220-17,GLACIAR MIDI SC HFC/HFO Group 2 1000ppm,GLACIAR MIDI,HFC/HFO Group 2 Integrated,detector,gas_detector,Gas detection — standalone or via controller. Measures refrigerant gas concentration and triggers alarms via relays.,"R134A; R404A; R450A; R513A; R1234yf; R1234ze; R1233zd; R22",403,active,"15..24 VDC; 24 VAC/DC V",IP67,0-1000 ppm,Semiconductor (MOS),5 years,2,Yes,Yes,Yes,No,4-20mA analog (MIDI J1 analog output → GC10 analog input channel),GLACIAR Controller 10,glaciar-midi-integrated.png
31-520-17,GLACIAR MIDI Remote SC HFC/HFO Group 2 1000ppm,GLACIAR MIDI,HFC/HFO Group 2 Remote,detector,gas_detector,Gas detection — standalone or via controller. Measures refrigerant gas concentration and triggers alarms via relays.,"R134A; R404A; R450A; R513A; R1234yf; R1234ze; R1233zd; R22",469,active,"15..24 VDC; 24 VAC/DC V",IP67,0-1000 ppm,Semiconductor (MOS),5 years,2,Yes,Yes,Yes,No,4-20mA analog (MIDI J1 analog output → GC10 analog input channel),GLACIAR Controller 10,glaciar-midi-remote.jpg
31-270-07,GLACIAR MIDI IR HFC/HFO Group 7 5000ppm,GLACIAR MIDI,IR HFC/HFO Group 7 Integrated,detector,gas_detector,Gas detection — standalone or via controller. Measures refrigerant gas concentration and triggers alarms via relays.,"R134A; R442A; R453A",,planned,"15..24 VDC; 24 VAC/DC V",IP67,0-5000 ppm,NDIR Infrared (IR),7 years,2,Yes,Yes,Yes,No,4-20mA analog (MIDI J1 analog output → GC10 analog input channel),GLACIAR Controller 10,glaciar-midi-integrated.png
31-570-07,GLACIAR MIDI Remote IR HFC/HFO Group 7 5000ppm,GLACIAR MIDI,IR HFC/HFO Group 7 Remote,detector,gas_detector,Gas detection — standalone or via controller. Measures refrigerant gas concentration and triggers alarms via relays.,"R134A; R442A; R453A",,planned,"15..24 VDC; 24 VAC/DC V",IP67,0-5000 ppm,NDIR Infrared (IR),7 years,2,Yes,Yes,Yes,No,4-20mA analog (MIDI J1 analog output → GC10 analog input channel),GLACIAR Controller 10,glaciar-midi-remote.jpg
31-280-08,GLACIAR MIDI IR HFC/HFO Group 8 ppm,GLACIAR MIDI,IR HFC/HFO Group 8 ppm Integrated,detector,gas_detector,Gas detection — standalone or via controller. Measures refrigerant gas concentration and triggers alarms via relays.,"R1234yf; R1234ze; R32; R410A; R449A; R513A; R407C",,planned,"15..24 VDC; 24 VAC/DC V",IP67,0-5000 / 0-10000 ppm,NDIR Infrared (IR),7 years,2,Yes,Yes,Yes,No,4-20mA analog (MIDI J1 analog output → GC10 analog input channel),GLACIAR Controller 10,glaciar-midi-integrated.png
31-580-08,GLACIAR MIDI Remote IR HFC/HFO Group 8 ppm,GLACIAR MIDI,IR HFC/HFO Group 8 ppm Remote,detector,gas_detector,Gas detection — standalone or via controller. Measures refrigerant gas concentration and triggers alarms via relays.,"R1234yf; R1234ze; R32; R410A; R449A; R513A; R407C",,planned,"15..24 VDC; 24 VAC/DC V",IP67,0-5000 / 0-10000 ppm,NDIR Infrared (IR),7 years,2,Yes,Yes,Yes,No,4-20mA analog (MIDI J1 analog output → GC10 analog input channel),GLACIAR Controller 10,glaciar-midi-remote.jpg
31-290-09,GLACIAR MIDI IR HFC/HFO Group 9 %LFL,GLACIAR MIDI,IR HFC/HFO Group 9 %LFL Integrated,detector,gas_detector,Gas detection — standalone or via controller. Measures refrigerant gas concentration and triggers alarms via relays.,"R1234yf; R1234ze; R32; R454A; R454B; R454C; R455A",,planned,"15..24 VDC; 24 VAC/DC V",IP67,0-100 %LFL,NDIR Infrared (IR),7 years,2,Yes,Yes,Yes,No,4-20mA analog (MIDI J1 analog output → GC10 analog input channel),GLACIAR Controller 10,glaciar-midi-integrated.png
31-590-09,GLACIAR MIDI Remote IR HFC/HFO Group 9 %LFL,GLACIAR MIDI,IR HFC/HFO Group 9 %LFL Remote,detector,gas_detector,Gas detection — standalone or via controller. Measures refrigerant gas concentration and triggers alarms via relays.,"R1234yf; R1234ze; R32; R454A; R454B; R454C; R455A",,planned,"15..24 VDC; 24 VAC/DC V",IP67,0-100 %LFL,NDIR Infrared (IR),7 years,2,Yes,Yes,Yes,No,4-20mA analog (MIDI J1 analog output → GC10 analog input channel),GLACIAR Controller 10,glaciar-midi-remote.jpg
31-2A0-10,GLACIAR MIDI IR+ HC Group 10 %LFL,GLACIAR MIDI,IR+ HC Group 10 %LFL Integrated,detector,gas_detector,Gas detection — standalone or via controller. Measures refrigerant gas concentration and triggers alarms via relays.,"R290; R600; R600A; R1270",,planned,"15..24 VDC; 24 VAC/DC V",IP67,0-100 %LFL,NDIR Infrared (IR+),7 years,2,Yes,Yes,Yes,No,4-20mA analog (MIDI J1 analog output → GC10 analog input channel),GLACIAR Controller 10,glaciar-midi-integrated.png
31-5A0-10,GLACIAR MIDI Remote IR+ HC Group 10 %LFL,GLACIAR MIDI,IR+ HC Group 10 %LFL Remote,detector,gas_detector,Gas detection — standalone or via controller. Measures refrigerant gas concentration and triggers alarms via relays.,"R290; R600; R600A; R1270",,planned,"15..24 VDC; 24 VAC/DC V",IP67,0-100 %LFL,NDIR Infrared (IR+),7 years,2,Yes,Yes,Yes,No,4-20mA analog (MIDI J1 analog output → GC10 analog input channel),GLACIAR Controller 10,glaciar-midi-remote.jpg
31-260-06,GLACIAR MIDI IR+ HFC/HFO Group 6 2000ppm,GLACIAR MIDI,IR+ HFC/HFO Group 6 Integrated,detector,gas_detector,Gas detection — standalone or via controller. Measures refrigerant gas concentration and triggers alarms via relays.,"R1234ze; R404A; R134A; R125; R407A; R417A; R448A; R32; R407F; R1234yf; R449A; R507; R410A; R452B; R227; R22; R513A",,planned,"15..24 VDC; 24 VAC/DC V",IP67,0-2000 ppm,NDIR Infrared (IR+),7 years,2,Yes,Yes,Yes,No,4-20mA analog (MIDI J1 analog output → GC10 analog input channel),GLACIAR Controller 10,glaciar-midi-integrated.png
31-560-06,GLACIAR MIDI Remote IR+ HFC/HFO Group 6 2000ppm,GLACIAR MIDI,IR+ HFC/HFO Group 6 Remote,detector,gas_detector,Gas detection — standalone or via controller. Measures refrigerant gas concentration and triggers alarms via relays.,"R1234ze; R404A; R134A; R125; R407A; R417A; R448A; R32; R407F; R1234yf; R449A; R507; R410A; R452B; R227; R22; R513A",,planned,"15..24 VDC; 24 VAC/DC V",IP67,0-2000 ppm,NDIR Infrared (IR+),7 years,2,Yes,Yes,Yes,No,4-20mA analog (MIDI J1 analog output → GC10 analog input channel),GLACIAR Controller 10,glaciar-midi-remote.jpg
31-250-23,GLACIAR MIDI EC NH3 1000ppm,GLACIAR MIDI,NH3 1000ppm Integrated,detector,gas_detector,Gas detection — standalone or via controller. Measures refrigerant gas concentration and triggers alarms via relays.,R717,916,active,"15..24 VDC; 24 VAC/DC V",IP67,0-1000 ppm,Electrochemical (EC),2 years,2,Yes,Yes,Yes,No,4-20mA analog (MIDI J1 analog output → GC10 analog input channel),GLACIAR Controller 10,glaciar-midi-integrated.png
31-550-23,GLACIAR MIDI Remote EC NH3 1000ppm,GLACIAR MIDI,NH3 1000ppm Remote,detector,gas_detector,Gas detection — standalone or via controller. Measures refrigerant gas concentration and triggers alarms via relays.,R717,981,active,"15..24 VDC; 24 VAC/DC V",IP67,0-1000 ppm,Electrochemical (EC),2 years,2,Yes,Yes,Yes,No,4-20mA analog (MIDI J1 analog output → GC10 analog input channel),GLACIAR Controller 10,glaciar-midi-remote.jpg
31-250-22,GLACIAR MIDI EC NH3 100ppm,GLACIAR MIDI,NH3 100ppm Integrated,detector,gas_detector,Gas detection — standalone or via controller. Measures refrigerant gas concentration and triggers alarms via relays.,R717,916,active,"15..24 VDC; 24 VAC/DC V",IP67,0-100 ppm,Electrochemical (EC),2 years,2,Yes,Yes,Yes,No,4-20mA analog (MIDI J1 analog output → GC10 analog input channel),GLACIAR Controller 10,glaciar-midi-integrated.png
31-550-22,GLACIAR MIDI Remote EC NH3 100ppm,GLACIAR MIDI,NH3 100ppm Remote,detector,gas_detector,Gas detection — standalone or via controller. Measures refrigerant gas concentration and triggers alarms via relays.,R717,981,active,"15..24 VDC; 24 VAC/DC V",IP67,0-100 ppm,Electrochemical (EC),2 years,2,Yes,Yes,Yes,No,4-20mA analog (MIDI J1 analog output → GC10 analog input channel),GLACIAR Controller 10,glaciar-midi-remote.jpg
31-250-24,GLACIAR MIDI EC NH3 5000ppm,GLACIAR MIDI,NH3 5000ppm Integrated,detector,gas_detector,Gas detection — standalone or via controller. Measures refrigerant gas concentration and triggers alarms via relays.,R717,916,active,"15..24 VDC; 24 VAC/DC V",IP67,0-5000 ppm,Electrochemical (EC),2 years,2,Yes,Yes,Yes,No,4-20mA analog (MIDI J1 analog output → GC10 analog input channel),GLACIAR Controller 10,glaciar-midi-integrated.png
31-550-24,GLACIAR MIDI Remote EC NH3 5000ppm,GLACIAR MIDI,NH3 5000ppm Remote,detector,gas_detector,Gas detection — standalone or via controller. Measures refrigerant gas concentration and triggers alarms via relays.,R717,981,active,"15..24 VDC; 24 VAC/DC V",IP67,0-5000 ppm,Electrochemical (EC),2 years,2,Yes,Yes,Yes,No,4-20mA analog (MIDI J1 analog output → GC10 analog input channel),GLACIAR Controller 10,glaciar-midi-remote.jpg
32-220,GLACIAR RM-HFC R32/R410A,GLACIAR RM,HFC R32/R410A,detector,gas_detector,Gas detection — rack-mount format for panel installation. Measures refrigerant gas concentration.,"R32; R410A",382,active,12-24 VDC/VAC V,IP21,0-50% LFL,NDIR Infrared,,2,Yes,No,Yes,No,Modbus RTU,GLACIAR Controller 10,
32-320,GLACIAR RMV-HFC R32/R410A,GLACIAR RM,HFC R32/R410A,detector,gas_detector,Gas detection — rack-mount format for panel installation. Measures refrigerant gas concentration.,"R32; R410A",382,active,12-24 VDC/VAC V,IP21,0-50% LFL,NDIR Infrared,,2,Yes,No,Yes,No,Modbus RTU,GLACIAR Controller 10,
62-9031,"GLACIAR MIDI Pipe Adapter 1/2"" R",MIDI Accessories,Adapters,accessory,midi_accessory,"MIDI-specific accessories — mounting adapters, calibration tools, configuration wands, protective caps, and signage for GLACIAR MIDI installations.",,32,active,,,,,,0,No,No,No,No,,GLACIAR MIDI,pipe-adapter-62-9031.jpeg
62-9041,GLACIAR MIDI Duct Adapter,MIDI Accessories,Adapters,accessory,midi_accessory,"MIDI-specific accessories — mounting adapters, calibration tools, configuration wands, protective caps, and signage for GLACIAR MIDI installations.",,147,active,,,,,,0,No,No,No,No,,GLACIAR MIDI,duct-adapter-62-9041.jpeg
62-9022,GLACIAR MIDI Delivery Protection Cap (4 pcs),MIDI Accessories,Protection,accessory,midi_accessory,"MIDI-specific accessories — mounting adapters, calibration tools, configuration wands, protective caps, and signage for GLACIAR MIDI installations.",,16,active,,,,,,0,No,No,No,No,,GLACIAR MIDI,protection-cap-62-9022.jpeg
61-9040,GLACIAR MIDI Calibration Kit,MIDI Accessories,Service,accessory,midi_accessory,"MIDI-specific accessories — mounting adapters, calibration tools, configuration wands, protective caps, and signage for GLACIAR MIDI installations.",,104,active,,,,,,0,No,No,No,No,,GLACIAR MIDI,calibration-kit-61-9040.png
62-9051,GLACIAR MIDI Magnetic Wand (pack of 5),MIDI Accessories,Service,accessory,midi_accessory,"MIDI-specific accessories — mounting adapters, calibration tools, configuration wands, protective caps, and signage for GLACIAR MIDI installations.",,26,active,,,,,,0,No,No,No,No,,GLACIAR MIDI,magnetic-wand-62-9051.jpeg
6100-0002,"LED Sign - Refrigerant Alarm (300x132mm, IP54, 230AC/24DC)",MIDI Accessories,Signage,accessory,midi_accessory,"MIDI-specific accessories — mounting adapters, calibration tools, configuration wands, protective caps, and signage for GLACIAR MIDI installations.",,,active,,,,,,0,No,No,No,No,,GLACIAR MIDI,led-sign-6100-0002.jpeg
40-420-ND,"Powersupply 230Vac/24Vdc, for SOCK-H-R-230",Power Adapter,Standard,accessory,socket_power_supply,Power supply — converts 230V AC to 24V DC for powering MIDI detectors. One adapter powers up to 5 detectors.,,78,active,,,,,,0,No,No,No,No,,GLACIAR MIDI,
4000-0002,GLACIAR Power adapter,Power Adapter,Standard,accessory,power_adapter,Power supply — converts 230V AC to 24V DC for powering MIDI detectors. One adapter powers up to 5 detectors.,,99,active,,,,,,0,No,No,No,No,,GLACIAR MIDI,power-adapter-4000-0002.jpeg
40-901,Protection bracket Large 180mm,Protection Bracket,Standard,accessory,mounting_bracket,Protection — protective cage/bracket for GLACIAR MIDI in environments with mechanical risk.,,55,active,,,,,,0,No,No,No,No,,GLACIAR MIDI,
40-902,Protection bracket small 100mm,Protection Bracket,Standard,accessory,mounting_bracket,Protection — protective cage/bracket for GLACIAR MIDI in environments with mechanical risk.,,49,active,,,,,,0,No,No,No,No,,GLACIAR MIDI,
KAP045,"RMV backbox, flush mount",RMV Backbox,Standard,accessory,backbox,Mounting — flush-mount or surface-mount backbox specifically for GLACIAR RM detectors.,,2,active,,,,,,0,No,No,No,No,,GLACIAR RM,
KAP046,"RMV backbox, surface mount H=30 mm, white",RMV Backbox,Standard,accessory,backbox,Mounting — flush-mount or surface-mount backbox specifically for GLACIAR RM detectors.,,4,active,,,,,,0,No,No,No,No,,GLACIAR RM,
40-415,"SOCK-H-R, high socket IP65, Red",SOCK-H-R High Socket Beacon,Standard,alert,socket_beacon,Visual alarm — high-mount socket beacon for elevated visibility in large spaces.,,19,active,,IP65,,,,0,No,No,No,No,,"GLACIAR MIDI; GLACIAR Controller 10; X5 Transmitter; X5 Direct Sensor Module; X5 Remote Sensor; GLACIAR RM",
40-420,"SOCK-H-R-230, high socket for 230VAC IP65, Red",SOCK-H-R High Socket Beacon,Standard,alert,socket_beacon,Visual alarm — high-mount socket beacon for elevated visibility in large spaces.,,78,active,,IP65,,,,0,No,No,No,No,,"GLACIAR MIDI; GLACIAR Controller 10; X5 Transmitter; X5 Direct Sensor Module; X5 Remote Sensor; GLACIAR RM",
40-221,UPS 5000 Battery back-up without batteries,UPS Battery Backup,Standard,accessory,ups_battery_backup,Power backup — uninterruptible power supply for maintaining detector operation during power outages.,,761,active,,,,,,0,No,No,No,No,,"GLACIAR MIDI; GLACIAR Controller 10",
4000-0001,UPS 1000 Battery back-up without batteries,UPS Battery Backup,Standard,accessory,ups_battery_backup,Power backup — uninterruptible power supply for maintaining detector operation during power outages.,,479,active,,,,,,0,No,No,No,No,,"GLACIAR MIDI; GLACIAR Controller 10",
3500-0104,GLACIAR X5 Type 5 Duct Adaptor BSP,X5 Accessories,Adapters,accessory,x5_accessory,"X5-specific accessories — ATEX mounting hardware, calibration tools, protection guards, duct/pipe adapters, and spare parts for GLACIAR X5 installations.",,602,active,,,,,,0,No,No,No,No,,"X5 Transmitter; X5 Direct Sensor Module; X5 Remote Sensor",
3500-0105,GLACIAR X5 Pipe Adapter & Silencer,X5 Accessories,Adapters,accessory,x5_accessory,"X5-specific accessories — ATEX mounting hardware, calibration tools, protection guards, duct/pipe adapters, and spare parts for GLACIAR X5 installations.",,98,active,,,,,,0,No,No,No,No,,"X5 Transmitter; X5 Direct Sensor Module; X5 Remote Sensor",
3500-0110,GLACIAR X5 Pipe Adapter Kit,X5 Accessories,Adapters,accessory,x5_accessory,"X5-specific accessories — ATEX mounting hardware, calibration tools, protection guards, duct/pipe adapters, and spare parts for GLACIAR X5 installations.",,1085,active,,,,,,0,No,No,No,No,,"X5 Transmitter; X5 Direct Sensor Module; X5 Remote Sensor",
3500-0118,"GLACIAR X5 Barrier Gland Kit for IIC H2, C2H2, CS2",X5 Accessories,Adapters,accessory,x5_accessory,"X5-specific accessories — ATEX mounting hardware, calibration tools, protection guards, duct/pipe adapters, and spare parts for GLACIAR X5 installations.",,161,active,,,,,,0,No,No,No,No,,"X5 Transmitter; X5 Direct Sensor Module; X5 Remote Sensor",
3500-0030,GLACIAR X5 Cable Gland EXd II C,X5 Accessories,Mounting,accessory,x5_accessory,"X5-specific accessories — ATEX mounting hardware, calibration tools, protection guards, duct/pipe adapters, and spare parts for GLACIAR X5 installations.",,77,active,,,,,,0,No,No,No,No,,"X5 Transmitter; X5 Direct Sensor Module; X5 Remote Sensor",x5-acc-3500-0030.jpeg
3500-0031,GLACIAR X5 Stopping Plug M20,X5 Accessories,Mounting,accessory,x5_accessory,"X5-specific accessories — ATEX mounting hardware, calibration tools, protection guards, duct/pipe adapters, and spare parts for GLACIAR X5 installations.",,19,active,,,,,,0,No,No,No,No,,"X5 Transmitter; X5 Direct Sensor Module; X5 Remote Sensor",x5-acc-3500-0031.jpeg
3500-0085,GLACIAR X5 Sun Shade,X5 Accessories,Mounting,accessory,x5_accessory,"X5-specific accessories — ATEX mounting hardware, calibration tools, protection guards, duct/pipe adapters, and spare parts for GLACIAR X5 installations.",,186,active,,,,,,0,No,No,No,No,,"X5 Transmitter; X5 Direct Sensor Module; X5 Remote Sensor",
3500-0086,GLACIAR X5 Pole Clamp,X5 Accessories,Mounting,accessory,x5_accessory,"X5-specific accessories — ATEX mounting hardware, calibration tools, protection guards, duct/pipe adapters, and spare parts for GLACIAR X5 installations.",,383,active,,,,,,0,No,No,No,No,,"X5 Transmitter; X5 Direct Sensor Module; X5 Remote Sensor",
3500-0029,GLACIAR X5 D44 Power Filter,X5 Accessories,Power,accessory,x5_accessory,"X5-specific accessories — ATEX mounting hardware, calibration tools, protection guards, duct/pipe adapters, and spare parts for GLACIAR X5 installations.",,104,active,,,,,,0,No,No,No,No,,"X5 Transmitter; X5 Direct Sensor Module; X5 Remote Sensor",
3500-0088,GLACIAR X5 Gas Collector Cone,X5 Accessories,Protection,accessory,x5_accessory,"X5-specific accessories — ATEX mounting hardware, calibration tools, protection guards, duct/pipe adapters, and spare parts for GLACIAR X5 installations.",,88,active,,,,,,0,No,No,No,No,,"X5 Transmitter; X5 Direct Sensor Module; X5 Remote Sensor",
3500-0089,GLACIAR X5 Protection Filter Disk,X5 Accessories,Protection,accessory,x5_accessory,"X5-specific accessories — ATEX mounting hardware, calibration tools, protection guards, duct/pipe adapters, and spare parts for GLACIAR X5 installations.",,11,active,,,,,,0,No,No,No,No,,"X5 Transmitter; X5 Direct Sensor Module; X5 Remote Sensor",
3500-0090,GLACIAR X5 ATEX Splash Guard,X5 Accessories,Protection,accessory,x5_accessory,"X5-specific accessories — ATEX mounting hardware, calibration tools, protection guards, duct/pipe adapters, and spare parts for GLACIAR X5 installations.",,98,active,,,,,,0,No,No,No,No,,"X5 Transmitter; X5 Direct Sensor Module; X5 Remote Sensor",
3500-0087,GLACIAR X5 Tool Kit (Magnetic Wand),X5 Accessories,Service,accessory,x5_accessory,"X5-specific accessories — ATEX mounting hardware, calibration tools, protection guards, duct/pipe adapters, and spare parts for GLACIAR X5 installations.",,77,active,,,,,,0,No,No,No,No,,"X5 Transmitter; X5 Direct Sensor Module; X5 Remote Sensor",
3500-0094,GLACIAR X5 Calibration Kit,X5 Accessories,Service,accessory,x5_accessory,"X5-specific accessories — ATEX mounting hardware, calibration tools, protection guards, duct/pipe adapters, and spare parts for GLACIAR X5 installations.",,657,active,,,,,,0,No,No,No,No,,"X5 Transmitter; X5 Direct Sensor Module; X5 Remote Sensor",
3500-0106,GLACIAR X5 Calibration Adapter,X5 Accessories,Service,accessory,x5_accessory,"X5-specific accessories — ATEX mounting hardware, calibration tools, protection guards, duct/pipe adapters, and spare parts for GLACIAR X5 installations.",,65,active,,,,,,0,No,No,No,No,,"X5 Transmitter; X5 Direct Sensor Module; X5 Remote Sensor",
3500-0091,GLACIAR X5 Spare Plug in PCB set,X5 Accessories,Spares,accessory,x5_accessory,"X5-specific accessories — ATEX mounting hardware, calibration tools, protection guards, duct/pipe adapters, and spare parts for GLACIAR X5 installations.",,439,active,,,,,,0,No,No,No,No,,"X5 Transmitter; X5 Direct Sensor Module; X5 Remote Sensor",
3500-0092,GLACIAR X5 Replacement Base,X5 Accessories,Spares,accessory,x5_accessory,"X5-specific accessories — ATEX mounting hardware, calibration tools, protection guards, duct/pipe adapters, and spare parts for GLACIAR X5 installations.",,274,active,,,,,,0,No,No,No,No,,"X5 Transmitter; X5 Direct Sensor Module; X5 Remote Sensor",
3500-0093,GLACIAR X5 Spare ATEX Housing,X5 Accessories,Spares,accessory,x5_accessory,"X5-specific accessories — ATEX mounting hardware, calibration tools, protection guards, duct/pipe adapters, and spare parts for GLACIAR X5 installations.",,493,active,,,,,,0,No,No,No,No,,"X5 Transmitter; X5 Direct Sensor Module; X5 Remote Sensor",
3500-0096,GLACIAR X5 CO 0-100 ppm sensor module,X5 Direct Sensor Module,CO 0-100 ppm,sensor,direct_mount_sensor,Gas sensing — plugs directly into X5 Transmitter ports A/B. Detects specific refrigerant gas at calibrated range.,CO,602,active,,,0-100 ppm,Electrochemical (EC),,0,No,No,No,Yes,,X5 Transmitter,x5-direct-module.png
3500-0006,GLACIAR X5 CO2 0-5% vol sensor module,X5 Direct Sensor Module,CO2 0-5% vol,sensor,direct_mount_sensor,Gas sensing — plugs directly into X5 Transmitter ports A/B. Detects specific refrigerant gas at calibrated range.,R744,1019,active,,,0-5 % vol,NDIR Infrared (IR),5 years,0,No,No,No,Yes,,X5 Transmitter,x5-direct-module.png
3500-0005,GLACIAR X5 CO2 0-5000 ppm sensor module,X5 Direct Sensor Module,CO2 0-5000 ppm,sensor,direct_mount_sensor,Gas sensing — plugs directly into X5 Transmitter ports A/B. Detects specific refrigerant gas at calibrated range.,R744,1019,active,,,0-5000 ppm,NDIR Infrared (IR),5 years,0,No,No,No,Yes,,X5 Transmitter,x5-direct-module.png
3500-0103,GLACIAR X5 Ethanol 0-100% LEL sensor module IR,X5 Direct Sensor Module,Ethanol 0-100% LEL,sensor,direct_mount_sensor,Gas sensing — plugs directly into X5 Transmitter ports A/B. Detects specific refrigerant gas at calibrated range.,Ethanol,1338,active,,,0-100 % LEL,Infrared (IR Solvent),,0,No,No,No,Yes,,X5 Transmitter,x5-direct-module.png
3500-0065,GLACIAR X5 R22 0-2000 ppm sensor module,X5 Direct Sensor Module,HFC/HFO IRR 0-2000 ppm,sensor,direct_mount_sensor,Gas sensing — plugs directly into X5 Transmitter ports A/B. Detects specific refrigerant gas at calibrated range.,R22,2500,active,,,0-2000 ppm,Infrared (IR),5 years,0,No,No,No,Yes,,X5 Transmitter,x5-direct-module.png
3500-0066,GLACIAR X5 R32 0-2000 ppm sensor module,X5 Direct Sensor Module,HFC/HFO IRR 0-2000 ppm,sensor,direct_mount_sensor,Gas sensing — plugs directly into X5 Transmitter ports A/B. Detects specific refrigerant gas at calibrated range.,R32,2500,active,,,0-2000 ppm,Infrared (IR),5 years,0,No,No,No,Yes,,X5 Transmitter,x5-direct-module.png
3500-0067,GLACIAR X5 R123 0-2000 ppm sensor module,X5 Direct Sensor Module,HFC/HFO IRR 0-2000 ppm,sensor,direct_mount_sensor,Gas sensing — plugs directly into X5 Transmitter ports A/B. Detects specific refrigerant gas at calibrated range.,R123,2500,active,,,0-2000 ppm,Infrared (IR),5 years,0,No,No,No,Yes,,X5 Transmitter,x5-direct-module.png
3500-0068,GLACIAR X5 R125 0-2000 ppm sensor module,X5 Direct Sensor Module,HFC/HFO IRR 0-2000 ppm,sensor,direct_mount_sensor,Gas sensing — plugs directly into X5 Transmitter ports A/B. Detects specific refrigerant gas at calibrated range.,R125,2500,active,,,0-2000 ppm,Infrared (IR),5 years,0,No,No,No,Yes,,X5 Transmitter,x5-direct-module.png
3500-0069,GLACIAR X5 R134A 0-2000 ppm sensor module,X5 Direct Sensor Module,HFC/HFO IRR 0-2000 ppm,sensor,direct_mount_sensor,Gas sensing — plugs directly into X5 Transmitter ports A/B. Detects specific refrigerant gas at calibrated range.,R134A,2500,active,,,0-2000 ppm,Infrared (IR),5 years,0,No,No,No,Yes,,X5 Transmitter,x5-direct-module.png
3500-0070,GLACIAR X5 R227 0-2000 ppm sensor module,X5 Direct Sensor Module,HFC/HFO IRR 0-2000 ppm,sensor,direct_mount_sensor,Gas sensing — plugs directly into X5 Transmitter ports A/B. Detects specific refrigerant gas at calibrated range.,R227,2500,active,,,0-2000 ppm,Infrared (IR),5 years,0,No,No,No,Yes,,X5 Transmitter,x5-direct-module.png
3500-0071,GLACIAR X5 R404A 0-2000 ppm sensor module,X5 Direct Sensor Module,HFC/HFO IRR 0-2000 ppm,sensor,direct_mount_sensor,Gas sensing — plugs directly into X5 Transmitter ports A/B. Detects specific refrigerant gas at calibrated range.,R404A,2500,active,,,0-2000 ppm,Infrared (IR),5 years,0,No,No,No,Yes,,X5 Transmitter,x5-direct-module.png
3500-0072,GLACIAR X5 R407A 0-2000 ppm sensor module,X5 Direct Sensor Module,HFC/HFO IRR 0-2000 ppm,sensor,direct_mount_sensor,Gas sensing — plugs directly into X5 Transmitter ports A/B. Detects specific refrigerant gas at calibrated range.,R407A,2500,active,,,0-2000 ppm,Infrared (IR),5 years,0,No,No,No,Yes,,X5 Transmitter,x5-direct-module.png
3500-0073,GLACIAR X5 R407F 0-2000 ppm sensor module,X5 Direct Sensor Module,HFC/HFO IRR 0-2000 ppm,sensor,direct_mount_sensor,Gas sensing — plugs directly into X5 Transmitter ports A/B. Detects specific refrigerant gas at calibrated range.,R407F,2500,active,,,0-2000 ppm,Infrared (IR),5 years,0,No,No,No,Yes,,X5 Transmitter,x5-direct-module.png
3500-0074,GLACIAR X5 R410A 0-2000 ppm sensor module,X5 Direct Sensor Module,HFC/HFO IRR 0-2000 ppm,sensor,direct_mount_sensor,Gas sensing — plugs directly into X5 Transmitter ports A/B. Detects specific refrigerant gas at calibrated range.,R410A,2500,active,,,0-2000 ppm,Infrared (IR),5 years,0,No,No,No,Yes,,X5 Transmitter,x5-direct-module.png
3500-0075,GLACIAR X5 R417A 0-2000 ppm sensor module,X5 Direct Sensor Module,HFC/HFO IRR 0-2000 ppm,sensor,direct_mount_sensor,Gas sensing — plugs directly into X5 Transmitter ports A/B. Detects specific refrigerant gas at calibrated range.,R417A,2500,active,,,0-2000 ppm,Infrared (IR),5 years,0,No,No,No,Yes,,X5 Transmitter,x5-direct-module.png
3500-0076,GLACIAR X5 R442D 0-2000 ppm sensor module,X5 Direct Sensor Module,HFC/HFO IRR 0-2000 ppm,sensor,direct_mount_sensor,Gas sensing — plugs directly into X5 Transmitter ports A/B. Detects specific refrigerant gas at calibrated range.,R442D,2500,active,,,0-2000 ppm,Infrared (IR),5 years,0,No,No,No,Yes,,X5 Transmitter,x5-direct-module.png
3500-0077,GLACIAR X5 R448A 0-2000 ppm sensor module,X5 Direct Sensor Module,HFC/HFO IRR 0-2000 ppm,sensor,direct_mount_sensor,Gas sensing — plugs directly into X5 Transmitter ports A/B. Detects specific refrigerant gas at calibrated range.,R448A,2500,active,,,0-2000 ppm,Infrared (IR),5 years,0,No,No,No,Yes,,X5 Transmitter,x5-direct-module.png
3500-0078,GLACIAR X5 R449A 0-2000 ppm sensor module,X5 Direct Sensor Module,HFC/HFO IRR 0-2000 ppm,sensor,direct_mount_sensor,Gas sensing — plugs directly into X5 Transmitter ports A/B. Detects specific refrigerant gas at calibrated range.,R449A,2500,active,,,0-2000 ppm,Infrared (IR),5 years,0,No,No,No,Yes,,X5 Transmitter,x5-direct-module.png
3500-0079,GLACIAR X5 R452B 0-2000 ppm sensor module,X5 Direct Sensor Module,HFC/HFO IRR 0-2000 ppm,sensor,direct_mount_sensor,Gas sensing — plugs directly into X5 Transmitter ports A/B. Detects specific refrigerant gas at calibrated range.,R452B,2500,active,,,0-2000 ppm,Infrared (IR),5 years,0,No,No,No,Yes,,X5 Transmitter,x5-direct-module.png
3500-0080,GLACIAR X5 R507 0-2000 ppm sensor module,X5 Direct Sensor Module,HFC/HFO IRR 0-2000 ppm,sensor,direct_mount_sensor,Gas sensing — plugs directly into X5 Transmitter ports A/B. Detects specific refrigerant gas at calibrated range.,R507,2500,active,,,0-2000 ppm,Infrared (IR),5 years,0,No,No,No,Yes,,X5 Transmitter,x5-direct-module.png
3500-0081,GLACIAR X5 R513A 0-2000 ppm sensor module,X5 Direct Sensor Module,HFC/HFO IRR 0-2000 ppm,sensor,direct_mount_sensor,Gas sensing — plugs directly into X5 Transmitter ports A/B. Detects specific refrigerant gas at calibrated range.,R513A,2500,active,,,0-2000 ppm,Infrared (IR),5 years,0,No,No,No,Yes,,X5 Transmitter,x5-direct-module.png
3500-0082,GLACIAR X5 R1233zd 0-2000 ppm sensor module,X5 Direct Sensor Module,HFC/HFO IRR 0-2000 ppm,sensor,direct_mount_sensor,Gas sensing — plugs directly into X5 Transmitter ports A/B. Detects specific refrigerant gas at calibrated range.,R1233zd,2500,active,,,0-2000 ppm,Infrared (IR),5 years,0,No,No,No,Yes,,X5 Transmitter,x5-direct-module.png
3500-0083,GLACIAR X5 R1234yf 0-2000 ppm sensor module,X5 Direct Sensor Module,HFC/HFO IRR 0-2000 ppm,sensor,direct_mount_sensor,Gas sensing — plugs directly into X5 Transmitter ports A/B. Detects specific refrigerant gas at calibrated range.,R1234yf,2500,active,,,0-2000 ppm,Infrared (IR),5 years,0,No,No,No,Yes,,X5 Transmitter,x5-direct-module.png
3500-0084,GLACIAR X5 R1234ze 0-2000 ppm sensor module,X5 Direct Sensor Module,HFC/HFO IRR 0-2000 ppm,sensor,direct_mount_sensor,Gas sensing — plugs directly into X5 Transmitter ports A/B. Detects specific refrigerant gas at calibrated range.,R1234ze,2500,active,,,0-2000 ppm,Infrared (IR),5 years,0,No,No,No,Yes,,X5 Transmitter,x5-direct-module.png
3500-0002,GLACIAR X5 NH3 0-100 ppm sensor module,X5 Direct Sensor Module,NH3 0-100 ppm,sensor,direct_mount_sensor,Gas sensing — plugs directly into X5 Transmitter ports A/B. Detects specific refrigerant gas at calibrated range.,R717,1008,active,,,0-100 ppm,Ionic Electrochemical (EC),5 years,0,No,No,No,Yes,,X5 Transmitter,x5-direct-module.png
3500-0095,GLACIAR X5 NH3 0-1000 ppm sensor module,X5 Direct Sensor Module,NH3 0-1000 ppm,sensor,direct_mount_sensor,Gas sensing — plugs directly into X5 Transmitter ports A/B. Detects specific refrigerant gas at calibrated range.,R717,1008,active,,,0-1000 ppm,Ionic Electrochemical (EC),5 years,0,No,No,No,Yes,,X5 Transmitter,x5-direct-module.png
3500-0003,GLACIAR X5 NH3 0-500 ppm sensor module,X5 Direct Sensor Module,NH3 0-500 ppm,sensor,direct_mount_sensor,Gas sensing — plugs directly into X5 Transmitter ports A/B. Detects specific refrigerant gas at calibrated range.,R717,1008,active,,,0-500 ppm,Ionic Electrochemical (EC),5 years,0,No,No,No,Yes,,X5 Transmitter,x5-direct-module.png
3500-0004,GLACIAR X5 NH3 0-5000 ppm sensor module,X5 Direct Sensor Module,NH3 0-5000 ppm,sensor,direct_mount_sensor,Gas sensing — plugs directly into X5 Transmitter ports A/B. Detects specific refrigerant gas at calibrated range.,R717,1008,active,,,0-5000 ppm,Ionic Electrochemical (EC),5 years,0,No,No,No,Yes,,X5 Transmitter,x5-direct-module.png
3500-0098,GLACIAR X5 NO2 0-5 ppm sensor module,X5 Direct Sensor Module,NO2 0-5 ppm,sensor,direct_mount_sensor,Gas sensing — plugs directly into X5 Transmitter ports A/B. Detects specific refrigerant gas at calibrated range.,NO2,987,active,,,0-5 ppm,Electrochemical (EC),,0,No,No,No,Yes,,X5 Transmitter,x5-direct-module.png
3500-0097,GLACIAR X5 O2 0-25% vol sensor module,X5 Direct Sensor Module,O2 0-25% vol,sensor,direct_mount_sensor,Gas sensing — plugs directly into X5 Transmitter ports A/B. Detects specific refrigerant gas at calibrated range.,O2,876,active,,,0-25 % vol,Electrochemical (EC),,0,No,No,No,Yes,,X5 Transmitter,x5-direct-module.png
3500-0099,GLACIAR X5 CO 0-100 ppm Remote sensor module,X5 Remote Sensor,CO 0-100 ppm,sensor,remote_sensor,Gas sensing — connects to X5 Transmitter or GC10 via remote cable. For locations distant from the transmitter.,CO,876,active,,,0-100 ppm,Electrochemical (EC),,0,Yes,No,No,Yes,,"X5 Transmitter; GLACIAR Controller 10",x5-remote-sensor.png
3500-0026,GLACIAR X5 CO2 0-5% vol Remote sensor module,X5 Remote Sensor,CO2 0-5% vol,sensor,remote_sensor,Gas sensing — connects to X5 Transmitter or GC10 via remote cable. For locations distant from the transmitter.,R744,1287,active,,,0-5 % vol,NDIR Infrared (IR),5 years,0,Yes,No,No,Yes,,"X5 Transmitter; GLACIAR Controller 10",x5-remote-sensor.png
3500-0109,GLACIAR X5 CO2 0-5000 ppm Remote sensor module IR,X5 Remote Sensor,CO2 0-5000 ppm,sensor,remote_sensor,Gas sensing — connects to X5 Transmitter or GC10 via remote cable. For locations distant from the transmitter.,R744,1287,active,,,0-5000 ppm,NDIR Infrared (IR),5 years,0,Yes,No,No,Yes,,"X5 Transmitter; GLACIAR Controller 10",x5-remote-sensor.png
3500-0115,GLACIAR X5 Ethanol 0-100% LEL Remote sensor module,X5 Remote Sensor,Ethanol 0-100% LEL,sensor,remote_sensor,Gas sensing — connects to X5 Transmitter or GC10 via remote cable. For locations distant from the transmitter.,Ethanol,1701,active,,,0-100 % LEL,Infrared (IR Solvent),,0,Yes,No,No,Yes,,"X5 Transmitter; GLACIAR Controller 10",x5-remote-sensor.png
3500-0032,GLACIAR X5 R22 0-2000 ppm Remote sensor module,X5 Remote Sensor,HFC/HFO IRR 0-2000 ppm,sensor,remote_sensor,Gas sensing — connects to X5 Transmitter or GC10 via remote cable. For locations distant from the transmitter.,R22,2339,active,,,0-2000 ppm,Infrared (IR),5 years,0,Yes,No,No,Yes,,"X5 Transmitter; GLACIAR Controller 10",x5-remote-sensor.png
3500-0033,GLACIAR X5 R32 0-2000 ppm Remote sensor module,X5 Remote Sensor,HFC/HFO IRR 0-2000 ppm,sensor,remote_sensor,Gas sensing — connects to X5 Transmitter or GC10 via remote cable. For locations distant from the transmitter.,R32,2339,active,,,0-2000 ppm,Infrared (IR),5 years,0,Yes,No,No,Yes,,"X5 Transmitter; GLACIAR Controller 10",x5-remote-sensor.png
3500-0034,GLACIAR X5 R123 0-2000 ppm Remote sensor module,X5 Remote Sensor,HFC/HFO IRR 0-2000 ppm,sensor,remote_sensor,Gas sensing — connects to X5 Transmitter or GC10 via remote cable. For locations distant from the transmitter.,R123,2339,active,,,0-2000 ppm,Infrared (IR),5 years,0,Yes,No,No,Yes,,"X5 Transmitter; GLACIAR Controller 10",x5-remote-sensor.png
3500-0035,GLACIAR X5 R125 0-2000 ppm Remote sensor module,X5 Remote Sensor,HFC/HFO IRR 0-2000 ppm,sensor,remote_sensor,Gas sensing — connects to X5 Transmitter or GC10 via remote cable. For locations distant from the transmitter.,R125,2339,active,,,0-2000 ppm,Infrared (IR),5 years,0,Yes,No,No,Yes,,"X5 Transmitter; GLACIAR Controller 10",x5-remote-sensor.png
3500-0036,GLACIAR X5 R134A 0-2000 ppm Remote sensor module,X5 Remote Sensor,HFC/HFO IRR 0-2000 ppm,sensor,remote_sensor,Gas sensing — connects to X5 Transmitter or GC10 via remote cable. For locations distant from the transmitter.,R134A,2339,active,,,0-2000 ppm,Infrared (IR),5 years,0,Yes,No,No,Yes,,"X5 Transmitter; GLACIAR Controller 10",x5-remote-sensor.png
3500-0037,GLACIAR X5 R227 0-2000 ppm Remote sensor module,X5 Remote Sensor,HFC/HFO IRR 0-2000 ppm,sensor,remote_sensor,Gas sensing — connects to X5 Transmitter or GC10 via remote cable. For locations distant from the transmitter.,R227,2339,active,,,0-2000 ppm,Infrared (IR),5 years,0,Yes,No,No,Yes,,"X5 Transmitter; GLACIAR Controller 10",x5-remote-sensor.png
3500-0038,GLACIAR X5 R404A 0-2000 ppm Remote sensor module,X5 Remote Sensor,HFC/HFO IRR 0-2000 ppm,sensor,remote_sensor,Gas sensing — connects to X5 Transmitter or GC10 via remote cable. For locations distant from the transmitter.,R404A,2339,active,,,0-2000 ppm,Infrared (IR),5 years,0,Yes,No,No,Yes,,"X5 Transmitter; GLACIAR Controller 10",x5-remote-sensor.png
3500-0039,GLACIAR X5 R407A 0-2000 ppm Remote sensor module,X5 Remote Sensor,HFC/HFO IRR 0-2000 ppm,sensor,remote_sensor,Gas sensing — connects to X5 Transmitter or GC10 via remote cable. For locations distant from the transmitter.,R407A,2339,active,,,0-2000 ppm,Infrared (IR),5 years,0,Yes,No,No,Yes,,"X5 Transmitter; GLACIAR Controller 10",x5-remote-sensor.png
3500-0040,GLACIAR X5 R407F 0-2000 ppm Remote sensor module,X5 Remote Sensor,HFC/HFO IRR 0-2000 ppm,sensor,remote_sensor,Gas sensing — connects to X5 Transmitter or GC10 via remote cable. For locations distant from the transmitter.,R407F,2339,active,,,0-2000 ppm,Infrared (IR),5 years,0,Yes,No,No,Yes,,"X5 Transmitter; GLACIAR Controller 10",x5-remote-sensor.png
3500-0041,GLACIAR X5 R410A 0-2000 ppm Remote sensor module,X5 Remote Sensor,HFC/HFO IRR 0-2000 ppm,sensor,remote_sensor,Gas sensing — connects to X5 Transmitter or GC10 via remote cable. For locations distant from the transmitter.,R410A,2339,active,,,0-2000 ppm,Infrared (IR),5 years,0,Yes,No,No,Yes,,"X5 Transmitter; GLACIAR Controller 10",x5-remote-sensor.png
3500-0042,GLACIAR X5 R417A 0-2000 ppm Remote sensor module,X5 Remote Sensor,HFC/HFO IRR 0-2000 ppm,sensor,remote_sensor,Gas sensing — connects to X5 Transmitter or GC10 via remote cable. For locations distant from the transmitter.,R417A,2339,active,,,0-2000 ppm,Infrared (IR),5 years,0,Yes,No,No,Yes,,"X5 Transmitter; GLACIAR Controller 10",x5-remote-sensor.png
3500-0043,GLACIAR X5 R422D 0-2000 ppm Remote sensor module,X5 Remote Sensor,HFC/HFO IRR 0-2000 ppm,sensor,remote_sensor,Gas sensing — connects to X5 Transmitter or GC10 via remote cable. For locations distant from the transmitter.,R422D,2339,active,,,0-2000 ppm,Infrared (IR),5 years,0,Yes,No,No,Yes,,"X5 Transmitter; GLACIAR Controller 10",x5-remote-sensor.png
3500-0044,GLACIAR X5 R448A 0-2000 ppm Remote sensor module,X5 Remote Sensor,HFC/HFO IRR 0-2000 ppm,sensor,remote_sensor,Gas sensing — connects to X5 Transmitter or GC10 via remote cable. For locations distant from the transmitter.,R448A,2339,active,,,0-2000 ppm,Infrared (IR),5 years,0,Yes,No,No,Yes,,"X5 Transmitter; GLACIAR Controller 10",x5-remote-sensor.png
3500-0045,GLACIAR X5 R449A 0-2000 ppm Remote sensor module,X5 Remote Sensor,HFC/HFO IRR 0-2000 ppm,sensor,remote_sensor,Gas sensing — connects to X5 Transmitter or GC10 via remote cable. For locations distant from the transmitter.,R449A,2339,active,,,0-2000 ppm,Infrared (IR),5 years,0,Yes,No,No,Yes,,"X5 Transmitter; GLACIAR Controller 10",x5-remote-sensor.png
3500-0046,GLACIAR X5 R452B 0-2000 ppm Remote sensor module,X5 Remote Sensor,HFC/HFO IRR 0-2000 ppm,sensor,remote_sensor,Gas sensing — connects to X5 Transmitter or GC10 via remote cable. For locations distant from the transmitter.,R452B,2339,active,,,0-2000 ppm,Infrared (IR),5 years,0,Yes,No,No,Yes,,"X5 Transmitter; GLACIAR Controller 10",x5-remote-sensor.png
3500-0047,GLACIAR X5 R507 0-2000 ppm Remote sensor module,X5 Remote Sensor,HFC/HFO IRR 0-2000 ppm,sensor,remote_sensor,Gas sensing — connects to X5 Transmitter or GC10 via remote cable. For locations distant from the transmitter.,R507,2339,active,,,0-2000 ppm,Infrared (IR),5 years,0,Yes,No,No,Yes,,"X5 Transmitter; GLACIAR Controller 10",x5-remote-sensor.png
3500-0048,GLACIAR X5 R513A 0-2000 ppm Remote sensor module,X5 Remote Sensor,HFC/HFO IRR 0-2000 ppm,sensor,remote_sensor,Gas sensing — connects to X5 Transmitter or GC10 via remote cable. For locations distant from the transmitter.,R513A,2339,active,,,0-2000 ppm,Infrared (IR),5 years,0,Yes,No,No,Yes,,"X5 Transmitter; GLACIAR Controller 10",x5-remote-sensor.png
3500-0049,GLACIAR X5 R1233zd 0-2000 ppm Remote sensor module,X5 Remote Sensor,HFC/HFO IRR 0-2000 ppm,sensor,remote_sensor,Gas sensing — connects to X5 Transmitter or GC10 via remote cable. For locations distant from the transmitter.,R1233zd,2339,active,,,0-2000 ppm,Infrared (IR),5 years,0,Yes,No,No,Yes,,"X5 Transmitter; GLACIAR Controller 10",x5-remote-sensor.png
3500-0050,GLACIAR X5 R1234yf 0-2000 ppm Remote sensor module,X5 Remote Sensor,HFC/HFO IRR 0-2000 ppm,sensor,remote_sensor,Gas sensing — connects to X5 Transmitter or GC10 via remote cable. For locations distant from the transmitter.,R1234yf,2339,active,,,0-2000 ppm,Infrared (IR),5 years,0,Yes,No,No,Yes,,"X5 Transmitter; GLACIAR Controller 10",x5-remote-sensor.png
3500-0051,GLACIAR X5 R1234ze 0-2000 ppm Remote sensor module,X5 Remote Sensor,HFC/HFO IRR 0-2000 ppm,sensor,remote_sensor,Gas sensing — connects to X5 Transmitter or GC10 via remote cable. For locations distant from the transmitter.,R1234ze,2339,active,,,0-2000 ppm,Infrared (IR),5 years,0,Yes,No,No,Yes,,"X5 Transmitter; GLACIAR Controller 10",x5-remote-sensor.png
3500-0023,GLACIAR X5 NH3 0-100 ppm Remote sensor module,X5 Remote Sensor,NH3 0-100 ppm,sensor,remote_sensor,Gas sensing — connects to X5 Transmitter or GC10 via remote cable. For locations distant from the transmitter.,R717,1424,active,,,0-100 ppm,Ionic Electrochemical (EC),5 years,0,Yes,No,No,Yes,,"X5 Transmitter; GLACIAR Controller 10",x5-remote-sensor.png
3500-0022,GLACIAR X5 NH3 0-1000 ppm Remote sensor module,X5 Remote Sensor,NH3 0-1000 ppm,sensor,remote_sensor,Gas sensing — connects to X5 Transmitter or GC10 via remote cable. For locations distant from the transmitter.,R717,1205,active,,,0-1000 ppm,Ionic Electrochemical (EC),5 years,0,Yes,No,No,Yes,,"X5 Transmitter; GLACIAR Controller 10",x5-remote-sensor.png
3500-0024,GLACIAR X5 NH3 0-500 ppm Remote sensor module,X5 Remote Sensor,NH3 0-500 ppm,sensor,remote_sensor,Gas sensing — connects to X5 Transmitter or GC10 via remote cable. For locations distant from the transmitter.,R717,1205,active,,,0-500 ppm,Ionic Electrochemical (EC),5 years,0,Yes,No,No,Yes,,"X5 Transmitter; GLACIAR Controller 10",x5-remote-sensor.png
3500-0025,GLACIAR X5 NH3 0-5000 ppm Remote sensor module,X5 Remote Sensor,NH3 0-5000 ppm,sensor,remote_sensor,Gas sensing — connects to X5 Transmitter or GC10 via remote cable. For locations distant from the transmitter.,R717,1096,active,,,0-5000 ppm,Ionic Electrochemical (EC),5 years,0,Yes,No,No,Yes,,"X5 Transmitter; GLACIAR Controller 10",x5-remote-sensor.png
3500-0101,GLACIAR X5 NO2 0-5 ppm Remote sensor module,X5 Remote Sensor,NO2 0-5 ppm,sensor,remote_sensor,Gas sensing — connects to X5 Transmitter or GC10 via remote cable. For locations distant from the transmitter.,NO2,1041,active,,,0-5 ppm,Electrochemical (EC),,0,Yes,No,No,Yes,,"X5 Transmitter; GLACIAR Controller 10",x5-remote-sensor.png
3500-0100,GLACIAR X5 O2 0-25% vol Remote sensor module,X5 Remote Sensor,O2 0-25% vol,sensor,remote_sensor,Gas sensing — connects to X5 Transmitter or GC10 via remote cable. For locations distant from the transmitter.,O2,931,active,,,0-25 % vol,Electrochemical (EC),,0,Yes,No,No,Yes,,"X5 Transmitter; GLACIAR Controller 10",x5-remote-sensor.png
3500-0117,GLACIAR X5 R290 0-100% LEL Remote sensor module IR,X5 Remote Sensor,R290 (Propane) 0-100% LEL,sensor,remote_sensor,Gas sensing — connects to X5 Transmitter or GC10 via remote cable. For locations distant from the transmitter.,R290,1277,active,,,0-100 % LEL,Infrared (IR),,0,Yes,No,No,Yes,,"X5 Transmitter; GLACIAR Controller 10",x5-remote-sensor.png
3500-0001,GLACIAR X5 ATEX Transmitter with display,X5 Transmitter,X5 ATEX Transmitter,controller,transmitter,"Transmitter unit for X5 sensor modules — receives sensor data, provides display, relays, 4-20mA outputs, and BMS communication. ATEX certified.",,822,active,18-30 VDC,IP66,,,,3,Yes,Yes,No,Yes,,"X5 Direct Sensor Module; X5 Remote Sensor",
